erat_norm,ehat_norm,group,days_post_btx,erat_days_pred,pct_contractile_area
0.0016032325259690556,0.3919099249202933,GC,0,0.00071517632094821,0.48445557
0.0014635129278222354,0.5050228458358145,GC,0,-0.0012450637702340697,0.40746436
0.0015897370835871194,0.5686289777614588,GC,0,0.0005258377631782894,0.36417034000000004
0.0018112325894111027,0.20413577474360256,GC,0,0.003633378697246968,0.61226554
0.0013119329753659202,0.10973918530240956,GC,0,-0.0033717024362867674,0.6765173299999999
0.0014944805200524628,0.16135837153803345,GC,0,-0.0008105941852780107,0.6413823200000001
0.001608636279353339,0.24050158761090512,GC,0,0.000790989980357702,0.58751286
0.0015318731170015213,0.39303420472743766,GC,0,-0.0002859829737861081,0.48369031999999995
0.0013770464763140204,0.2293549464991198,GC,0,-0.0024581720745577244,0.59509991
0.001926377371714465,0.3957350032312852,GC,0,0.005248838672477676,0.481852
0.002014599825973234,0.44833006874701065,GC,0,0.0064865833702459005,0.44605275
0.0013879410840216839,0.29449443300420675,GC,0,-0.0023053227456910326,0.5507622
0.0014695387628666041,0.2996858069506746,GC,0,-0.0011605224203197165,0.54722865
0.0021892896541540726,0.3254504949887018,GC,0,0.008937449313633366,0.52969171
0.000967330442439501,0.3419902009226484,GC,0,-0.008206412165808717,0.5184338275
0.0012860417675147815,0.6940046657207977,GC,0,-0.0037349512883597846,0.27883238
0.0015755220135043376,0.43724436866939753,GC,0,0.0003264029620135085,0.45359832
0.0014791931557427494,0.41902427762690087,GC,0,-0.001025073075898059,0.46599997000000004
0.0017346851644791683,0.46623001367676653,GC,0,0.0025594324991576605,0.43386901
0.0017176090085046258,0.509728160675591,GC,0,0.0023198571926970318,0.40426165
0.0014511288568648188,0.528780093896206,GC,0,-0.0014188099927021905,0.39129379999999997
0.0018746850737448096,0.3537241377446023,GC,0,0.004523605303433917,0.51044703
0.0014804559940215535,0.3454383608472015,GC,0,-0.0010073556886766172,0.51608681
0.0015124062324404514,0.2989414242654269,GC,0,-0.0005590997596426453,0.54773532
0.001393415547999724,0.8116374632568757,GC,0,-0.002228517029744073,0.19876468
0.002033859743154098,0.2402695033493769,GC,0,0.006756796442080729,0.58767083
0.0011254947490238016,0.17926328225119126,GC,0,-0.005987396230515267,0.6291952
0.0018748721267429706,0.3246282758523825,GC,0,0.004526229622362931,0.5302513600000001
0.0011552504329003963,0.44730841023294576,GC,0,-0.005569929495360799,0.44674815
0.0018666810595228164,0.34360060962190164,GC,0,0.004411310465941918,0.5173376900000001
0.0022750381786911028,0.47605643222037697,GC,0,0.010140485235484385,0.42718058
0.0020566408621579386,0.505423164374659,GC,0,0.007076411323497702,0.40719188
0.0010477539924815572,0.012154298467324187,GC,0,-0.0070780846501370676,0.74293926
0.0009130309658242098,0.33444974330425803,GC,0,-0.008968223768499265,0.5235663
0.002573390594039562,0.39427948510291433,GC,0,0.014326314379170816,0.48284270999999995
0.0019443200767711194,0.5539287015757518,GC,0,0.005500571502108017,0.3741762
0.0014762201016135926,0.5412230395425038,GC,0,-0.001066784474832257,0.38282441
0.0016148887938383838,0.2686600623902202,GC,0,0.0008787116008522277,0.56834657
0.0010580809221609729,0.4694019739371005,GC,0,-0.00693319973889406,0.43170999000000004
0.002351316297003681,0.4249340740832591,GC,0,0.011210653111569597,0.46197741999999997
0.0015862027698879805,0.5160321492457092,GC,0,0.00047625199640141625,0.39997079
0.0016181474108448075,0.5160321492457092,GC,0,0.0009244293940789711,0.39997079
0.001387757554984739,0.6333751389611311,GC,0,-0.0023078976240966855,0.32010035000000003
0.001805159170913185,0.3850773154845645,GC,0,0.0035481697602899927,0.48910623999999997
0.001630548827228339,0.2565952655574615,GC,0,0.0010984189696637678,0.57655857
0.0017364728763294881,0.4629583263817263,GC,0,0.0025845137654006097,0.43609591000000003
0.001918187434621926,0.18400738309150155,GC,0,0.0051339353715378466,0.62596609
0.001232870367813287,0.323482854736614,GC,0,-0.004480936180827206,0.531031
0.0013002015310390079,0.323482854736614,GC,0,-0.0035362924279708375,0.531031
0.002017940115112304,0.323482854736614,GC,0,0.006533447008371065,0.531031
0.0020261037876910743,0.13946279273660434,GC,0,0.006647981823045918,0.6562857200000001
0.00218675485302467,0.22021837517333964,GC,0,0.008901886523137734,0.60131879
0.0014600246252800212,0.31568152086254886,GC,0,-0.0012940040089988267,0.53634104
0.0008184661770501426,0.25744985043589286,GC,0,-0.010294950245155176,0.5759768900000001
0.0021961613148237377,0.2716626277315555,GC,0,0.00903385744045551,0.56630285
0.0013759203276250394,0.43350617687626836,GC,0,-0.002473971732143723,0.45614275
0.0010553156818562943,0.8827701361194689,GC,0,-0.0069719955483501395,0.15034766
0.0015971027772740398,0.5023888209578862,GC,0,0.0006291770817561828,0.40925722999999997
0.0018403671292101468,0.5385951410896597,GC,0,0.004042130896005938,0.38461311000000004
0.0016258671165475466,0.40494388694139416,GC,0,0.0010327354356890865,0.4755839
0.0011497944598318332,0.20286832464282067,GC,0,-0.005646475787271612,0.61312824
0.001895202236058179,0.30490312638083295,GC,0,0.0048114572916832556,0.5436774400000001
0.0017575693042970306,0.3578941470103427,GC,0,0.002880492743519773,0.50760868
0.0,0.28855519934466534,GC,0,-0.0217778791599983,0.5548047866666668
0.002229771330720726,0.28855519934466534,GC,0,0.009505399740178696,0.5548047866666668
0.0014243479577214738,0.19916949182523336,GC,0,-0.0017945410488674751,0.61564588
0.003005361425038635,0.22671654350446446,GC,0,0.02038678515332742,0.59689576
0.001089769275026718,0.10612460919431554,GC,0,-0.006488618015679464,0.67897762
0.0016696544732607997,0.09671105587305551,GC,0,0.0016470639426034994,0.6853850300000001
0.0017069759905314645,0.15718042509926722,GC,0,0.0021706779193688183,0.6442260725
0.001555404890920861,0.345883762971789,GC,0,4.4163457102240394e-05,0.5157836434984986
0.0033361701090229377,0.345883762971789,GC,0,0.025027969736293794,0.5157836434984986
0.00034125744262558297,0.345883762971789,GC,0,-0.0169901004280121,0.5157836434984986
0.0017576166194985079,0.345883762971789,GC,0,0.0028811565670355016,0.5157836434984986
0.0015962202410239918,0.345883762971789,GC,0,0.0006167952615805482,0.5157836434984986
0.0014723708045654472,0.2675754207002883,GC,0,-0.001120789399672618,0.56908484
0.0020256338858744265,0.26620971273148697,GC,0,0.006641389187566504,0.57001442
0.0016611829099183162,0.3582749256322515,GC,0,0.0015282094775235474,0.5073495
0.0014588416807534536,0.2758699538311431,GC,0,-0.0013106005016697065,0.5634391
0.001302294202514341,0.24375373498900976,GC,0,-0.003506932634656004,0.58529926
0.001539599583797377,0.538898083260497,GC,0,-0.0001775820752914696,0.38440691
0.0014866673727846975,0.20225487409270881,GC,0,-0.0009202111947435713,0.61354579
0.0016790264956256394,0.5445827739970894,GC,0,0.0017785516810359463,0.38053758000000004
0.0016874440114125677,0.39876846514804587,GC,0,0.001896647868919034,0.47978725
0.0016105483630246113,0.3204177469694177,GC,0,0.0008178161602196327,0.53311729
0.0013880068473361732,0.31039567949811375,GC,0,-0.002304400098565641,0.5399388900000001
0.0016708539607558715,0.34588376297178913,GC,0,0.0016638925300593603,0.5157836434984985
0.001217852010973473,0.34588376297178913,GC,0,-0.0046916409464546425,0.5157836434984985
0.0017158525550991085,0.34588376297178913,GC,0,0.0022952144766467705,0.5157836434984985
0.0015980968985886141,0.34588376297178913,GC,0,0.0006431244197257634,0.5157836434984985
0.0013933230014025575,0.042102115429605735,GC,0,-0.0022298154413661737,0.72255504
0.0017220354608540487,0.32713605523690636,GC,0,0.0023819594995468487,0.52854442
0.00153689445943166,0.19496595617569812,GC,0,-0.00021553446925513223,0.61850705
0.001638707990958015,0.380317171344033,GC,0,0.0012128905260206922,0.49234627000000003
0.001384253096718681,0.2361303245465607,GC,0,-0.0023570645246755416,0.590488195
0.0013834595188561784,0.38661300603903903,GC,0,-0.002368198275145665,0.48806096
0.0017514925561652143,0.3102662165296649,GC,0,0.0027952370924157234,0.54002701
0.0015634140043700685,0.3554764569270593,GC,0,0.00015652983580786831,0.5092542999999999
0.001582410626028609,0.3151010090295573,GC,0,0.00042304892021693095,0.53673617
0.0017523869298649271,0.3972759387108321,GC,0,0.002807784989818306,0.48080315
0.01249573180561201,0.17682897589267876,GC,0,0.15353492433291427,0.6308521300000001
0.023912234467730917,0.3948777885444843,GC,0,0.3137063427752884,0.48243547
0.0017797773043179113,0.35178958312630326,GC,0,0.0031920668717259114,0.5117638
0.001604948301919386,0.3078321158544888,GC,0,0.0007392483398341352,0.5416838
0.0013594591084642336,0.3078321158544888,GC,0,-0.002704919588970804,0.5416838
0.0016215764427153772,0.3246361505858244,GC,0,0.0009725380762952568,0.530246
0.0014386261894559426,0.4531986667723683,GC,0,-0.0015942201014246898,0.4427389
0.0015872301226039006,0.1375168667681489,GC,0,0.0004906655647786708,0.65761023
0.001636898870660324,0.29193126603558717,GC,0,0.001187508903225165,0.5525068399999999
0.0015534607962946893,0.609064499884788,GC,0,1.6888169470297176e-05,0.33664758
0.0013356191933401227,0.2813397642481107,GC,0,-0.003039389183905924,0.55971603
0.0018517742254444307,0.4813877589854382,GC,0,0.004202170344007503,0.42355177
0.0017130657203374869,0.28571065267495,GC,0,0.002256115700958264,0.55674095
0.0014271890377503748,0.47769766770963784,GC,0,-0.0017546812221232218,0.42606346
0.0018892684817098818,0.2904646703903969,GC,0,0.004728207816884907,0.55350509
0.0015422191617792747,0.3077036372277202,GC,0,-0.00014082988125281945,0.5417712499999999
0.00260028395620698,0.1479019359444501,GC,0,0.014703623270739931,0.6505415499999999
0.0015037957752521976,0.2278027865860851,GC,0,-0.0006799028796608362,0.5961563999999999
0.0016164027524893496,0.2278027865860851,GC,0,0.000899952160397046,0.5961563999999999
0.0014752014309760717,0.2278027865860851,GC,0,-0.001081076235257167,0.5961563999999999
0.14412433700742688,0.46412488880611924,G2,2,2.0002598826445275,0.43530188000000003
0.14356639568132082,0.21037852844621108,G2,2,1.99243206914902,0.60801636
0.14578592279326977,0.30389254538358745,G2,2,2.0235716235566734,0.5443652999999999
0.14404691030052377,0.24333912145830205,G2,2,1.9991736002831921,0.5855814699999999
0.1442101929015111,0.19815425356959016,G2,2,2.0014644249412448,0.61633691
0.1440744176897549,0.3299837997927768,G2,2,1.9995595238607706,0.5266060800000001
0.14410881938067086,0.40474998632205816,G2,2,2.0000421732144216,0.47571588
0.14411973823551907,0.5290401657831196,G2,2,2.0001953627261804,0.39111678
0.14405532407523816,0.6290371892514119,G2,2,1.9992916439845203,0.32305301
0.14403200444768244,0.47670167553759313,G2,2,1.9989644739278318,0.42674138999999994
0.14318891744711026,0.42123419919732596,G2,2,1.9871361194178256,0.4644957692921145
0.14440100321498278,0.42123419919732596,G2,2,2.0041414583083546,0.4644957692921145
0.1440094448507264,0.42123419919732596,G2,2,1.9986479669597284,0.4644957692921145
0.14435261880831787,0.42123419919732596,G2,2,2.0034626340418193,0.4644957692921145
0.14399048486314092,0.42123419919732596,G2,2,1.9983819618445808,0.4644957692921145
0.14415234271214059,0.5644353589870602,G2,2,2.000652797496057,0.36702475999999995
0.14416520125859225,0.5943718045991853,G2,2,2.0008332005218543,0.34664828
0.14404158087921776,0.5794035817931227,G2,2,1.9990988294890772,0.35683652
0.14447309493675836,0.5794035817931227,G2,2,2.005152891816189,0.35683652
0.14459472531622733,0.5794035817931227,G2,2,2.0068593435187645,0.35683652
0.14411699389138186,0.24799984708913125,G2,2,2.0001568600860846,0.58240911
0.14410058147585117,0.7541539659655196,G2,2,1.9999265969351514,0.23789128
0.14421793917750927,0.43308747906217093,G2,2,2.00157310375918,0.45642774
0.14393000144882415,0.47841376403894065,G2,2,1.9975333907409711,0.4255760433333333
0.14417901897211838,0.47841376403894065,G2,2,2.0010270604841045,0.4255760433333333
0.1441595341220457,0.2775106016537293,G2,2,2.000753691645447,0.56232238
0.144076166342437,0.484381861926657,G2,2,1.9995840571341155,0.42151381
0.1439840251396537,0.382828741178609,G2,2,1.9982913331201533,0.49063675
0.1441099744586669,0.21952676495548518,G2,2,2.000058378744829,0.60178954
0.14406759434259586,0.31473596518286506,G2,2,1.9994637935635564,0.53698464
0.14420156405009338,0.5558183584600995,G2,2,2.001343363753593,0.37288998999999995
0.1443977516182174,0.6194985510784301,G2,2,2.00409583900781,0.32954555999999996
0.14404509536927537,0.21147161784459245,G2,2,1.9991481371338342,0.6072723400000001
0.14390808282542872,0.8259088456116784,G2,2,1.9972258765132385,0.18905075
0.14412989446307697,0.5139935041676439,G2,2,2.0003378527182663,0.40135841
0.14423270661817672,0.6013382404284231,G2,2,2.001780288217369,0.34190652
0.14420559105958647,0.42123419919732596,G2,2,2.00139986195113,0.46449576929211445
0.14418937145119987,0.42123419919732596,G2,2,2.001172303848728,0.46449576929211445
0.14390652966349435,0.42123419919732596,G2,2,1.9972040859388864,0.46449576929211445
0.14419992806381737,0.42123419919732596,G2,2,2.001320411169064,0.46449576929211445
0.14393091622879362,0.3650885828177195,G2,2,1.9975462249345601,0.50271173
0.14432388026790335,0.33638371025588243,G2,2,2.003059437641101,0.52224993
0.1441866345327933,0.5758245742105184,G2,2,2.001133905390258,0.35927259999999994
0.14396913708043202,0.5737013785896223,G2,2,1.998082456405982,0.36071777
0.14409455432477863,0.29947617155612194,G2,2,1.999842037121606,0.54737134
0.14409527927146334,0.32721331871297,G2,2,1.9998522079893593,0.52849183
0.14349161781703915,0.3113286884942915,G2,2,1.9913829495591981,0.53930383
0.14432325988957997,0.2071584529768814,G2,2,2.0030507338480947,0.61020813
0.14432589856432027,0.6981594984946624,G2,2,2.003087753966118,0.27600436
0.14434341240894488,0.3859649896697014,G2,2,2.0033334699632954,0.4885020375
0.14403511115300144,0.0,G2,2,1.9990080604282123,0.75121218
0.14380303825367483,0.0435363453326838,G2,2,1.9957521206218376,0.72157882
0.14426065826427384,0.08364472810984236,G2,2,2.0021724446365177,0.6942787300000001
0.14403524418435387,0.5173520779805469,G2,2,1.999009926833455,0.39907237
0.14420495908890787,0.40420737898958825,G2,2,2.0013909955195266,0.47608521000000004
0.14412949776154266,0.5246873481065292,G2,2,2.000332287069194,0.39407956
0.14415172408856386,0.6824530341201034,G2,2,2.000644118321821,0.28669509000000004
0.14401513631372242,0.40928620007617333,G2,2,1.9987278171317173,0.47262827
0.14402407678846005,0.5806369031517681,G2,2,1.9988532503368461,0.35599705
0.14425237033805918,0.23126238030037893,G2,2,2.0020561665663386,0.5938015999999999
0.14420114805031983,0.3247408287122654,G2,2,2.0013375273537974,0.53017475
0.14412333469637983,0.24904977237025194,G2,2,2.0002458204061275,0.58169447
0.14429359560596838,0.18803538270528708,G2,2,2.0026345494417344,0.6232244
0.14367496621309903,0.18415169933515518,G2,2,1.993955293606687,0.6258678599999999
0.14419001930365977,0.1855856354048956,G2,2,2.0011813930987823,0.62489184
0.1452009629951275,0.6838470088559605,G2,2,2.0153647459013038,0.28574626999999997
0.14299583078414407,0.18132932728796725,G2,2,1.9844271492888024,0.6277889299999999
0.1458899252427722,0.4833777011878331,G2,2,2.025030758665848,0.4221973
0.14458924250254965,0.44332093023638486,G2,2,2.0067824206580775,0.44946226
0.1427938622919598,0.4163905465823099,G2,2,1.98159356874043,0.46779264
0.14429502643566217,0.27579734761347674,G2,2,2.0026546237174023,0.56348852
0.14407610626815537,0.4231636694588865,G2,2,1.999583214303068,0.46318246
0.1439764310420018,0.4213950278345382,G2,2,1.9981847893362386,0.46438630000000003
0.14417844370020286,0.40340206996183525,G2,2,2.0010189895256487,0.47663334999999996
0.14426743965122982,0.40872697646847467,G2,2,2.002267586239852,0.47300891
0.14408022149184327,0.372712206289338,G2,2,1.999640950129424,0.49752265
0.14407332590778726,0.21736071374233257,G2,2,1.9995442063619215,0.60326388
0.1439853805445141,0.6993464823360033,G2,2,1.9983103491993748,0.27519643
0.14420420551497193,0.6981594984946624,G2,2,2.001380423016739,0.27600436
0.1440772674408037,0.6623651620852271,G2,2,1.9995995053403186,0.30036806
0.1440601130772614,0.3823625305138575,G2,2,1.9993588327961636,0.49095408
0.14413787029060757,0.39776927019262365,G2,2,2.000449752101697,0.48046736
0.14395772830959333,0.5074043650352668,G2,2,1.9979223934635904,0.40584336
0.14421878253949233,0.5139121564081905,G2,2,2.001584935971643,0.40141378000000005
0.143907448105505,0.241017074126335,G2,2,1.997216971510235,0.58716199
0.14420258154337925,0.3659294603709622,G2,2,2.001357638995992,0.50213938
0.14406262777593312,0.37108175448355885,G2,2,1.9993941135528999,0.49863242999999996
0.1440800165732008,0.3861741953329981,G2,2,1.9996380751588139,0.48835964
0.144358617110925,0.25083184217811827,G2,2,2.0035467891167373,0.58048149
0.14434661164034576,0.2782491370555632,G2,2,2.0033783545874724,0.56181969
0.1442157354954742,0.6623651620852271,G2,2,2.0015421865082668,0.30036806
0.14409689540667786,0.42123419919732596,G2,2,1.9998748820671715,0.4644957692921145
0.14413834025493213,0.42123419919732596,G2,2,2.000456345614151,0.4644957692921145
0.14414572516709703,0.42123419919732596,G2,2,2.0005599545644164,0.4644957692921145
0.14424893174085432,0.42123419919732596,G2,2,2.002007923684253,0.4644957692921145
0.1441049357456768,0.574959205648605,G2,2,1.999987686534558,0.35986162
0.1439656124560591,0.42123419919732596,G2,2,1.998033006578658,0.4644957692921145
0.1439249718131216,0.42123419919732596,G2,2,1.9974628258833644,0.4644957692921145
0.14393839704539996,0.42123419919732596,G2,2,1.9976511794063812,0.4644957692921145
0.14417958428366373,0.42123419919732596,G2,2,2.0010349917004113,0.4644957692921145
0.144031996251825,0.3475192738508487,G2,2,1.9989643589414696,0.51467042
0.1441562187784587,0.2975296579209916,G2,2,2.000707177988798,0.54869625
0.14414279349231446,0.23337683437948786,G2,2,2.0005188237100526,0.59236238
0.14407473305950086,1.0,G2,2,1.9995639484399117,0.07055422
0.14410900891757258,0.41023204958919457,G2,2,2.0000448323820574,0.47198447
0.14373049950077152,0.6308997253187196,G2,2,1.9947344153500544,0.32178525999999996
0.14407901029484027,0.3667146565067717,G2,2,1.9996239572597405,0.5016049300000001
0.14448482018870618,0.5814535982213445,G2,2,2.005317394929941,0.35544116000000003
0.14431063954525153,0.48837955263169186,G2,2,2.00287367275398,0.41879275
0.1441220253847795,0.32149333859255824,G2,2,2.0002274510068103,0.53238518
0.3576869585692536,0.48478802774891516,G5,5,4.9965039193871235,0.42123735
0.3576209768725908,0.3238462971916174,G5,5,4.995578208400274,0.53078362
0.35776760378068584,0.1906274334909711,G5,5,4.997635356771056,0.6214601
0.3578502021685001,0.20974612564583828,G5,5,4.998794196857974,0.60844681
0.3585449049756412,0.2481916908751055,G5,5,5.008540748609316,0.5822785300000001
0.357974901302591,0.4287404939773275,G5,5,5.000543702619677,0.45938654999999995
0.35788763422310066,0.3846705766872983,G5,5,4.99931936165301,0.48938308999999997
0.3579379117558049,0.5437888363194929,G5,5,5.000024746127341,0.38107798000000004
0.35813969871971224,0.4226064879928826,G5,5,5.0028557798676,0.46356171
0.35763930301134983,0.22617102722195448,G5,5,4.995835320733751,0.59726707
0.35802207160398386,0.44794345753335485,G5,5,5.0012054932140515,0.44631590000000004
0.35811586087567704,0.9277377877135236,G5,5,5.002521339329659,0.11974007
0.35788401671752273,0.6878406226234393,G5,5,4.999268608719578,0.28302798500000004
0.3579307840932475,0.6878406226234393,G5,5,4.999924746341436,0.28302798500000004
0.3577559857973312,0.6878406226234393,G5,5,4.997472358615804,0.28302798500000004
0.3588381604793936,0.7419527276225493,G5,5,5.012655069027066,0.24619615
0.3583928399680217,0.46383798993550307,G5,5,5.006407304709138,0.43549715999999994
0.3578268374634321,0.42753573321907534,G5,5,4.998466394372134,0.46020658
0.3579004433678367,0.5874546446206257,G5,5,4.999499071581885,0.35135649999999996
0.358023137507137,0.5380169652317002,G5,5,5.001220447637925,0.38500665
0.3576472514162688,0.9954322873121179,G5,5,4.995946835383019,0.07366327
0.3576166850833351,0.4396445462857733,G5,5,4.995517995391695,0.45196462
0.3580127136097662,0.2583679914651993,G5,5,5.001074202287927,0.5753519500000001
0.357693755439862,0.5098826876277184,G5,5,4.996599278223234,0.40415647
0.3579919635879129,0.4772498216284726,G5,5,5.000783083323449,0.42636829
0.35786548407263646,0.14721674598501722,G5,5,4.999008599143372,0.65100793
0.35778615164691663,0.23672140703386468,G5,5,4.9978955798999065,0.59008587
0.3580407882767852,0.1613262996292586,G5,5,5.00146808466783,0.6414041500000001
0.3580223993543324,0.6956426837350143,G5,5,5.001210091490754,0.27771745
0.3578651554763043,0.40528443977941575,G5,5,4.999003988997676,0.4753521
0.35811411959156936,0.42297469352126515,G5,5,5.002496909436049,0.46331108797619047
0.35820280345775785,0.42297469352126515,G5,5,5.003741127657754,0.46331108797619047
0.3581458329092619,0.42297469352126515,G5,5,5.00294184141116,0.46331108797619047
0.35732487097688237,0.42297469352126515,G5,5,4.991423897511166,0.46331108797619047
0.356958207163601,0.42297469352126515,G5,5,4.986279672103184,0.46331108797619047
0.35707540822606154,0.5112970837805232,G5,5,4.987923981308274,0.40319375
0.35838740129310703,0.20382175505594602,G5,5,5.006331001107124,0.6124792800000001
0.3477739942589411,0.35755941941823466,G5,5,4.857426865621807,0.507836515
0.35947597318085395,0.35755941941823466,G5,5,5.021603463129618,0.507836515
0.35778391712763197,0.35755941941823466,G5,5,4.9978642300080915,0.507836515
0.3578670139518433,0.32080728182478035,G5,5,4.9990300630653675,0.53285215
0.35789987980151455,0.42297469352126515,G5,5,4.999491164850736,0.4633110879761904
0.3578569871587427,0.42297469352126515,G5,5,4.998889389014752,0.4633110879761904
0.3580956821620291,0.42297469352126515,G5,5,5.002238235713517,0.4633110879761904
0.3580427843331595,0.42297469352126515,G5,5,5.001496088969167,0.4633110879761904
0.35794387445833126,0.5512637654307312,G5,5,5.000108401739717,0.37599011
0.3581917152699691,0.6257153592973481,G5,5,5.003585562436195,0.32531404
0.35787358320717694,0.4986383763145884,G5,5,4.99912222850132,0.41180999999999995
0.35771944635248654,0.43053305363533834,G5,5,4.996959716970365,0.45816643
0.35814015745519273,0.6104179550034206,G5,5,5.002862215841451,0.33572634
0.3582980239933137,0.5738716550086331,G5,5,5.005077054140339,0.36060187
0.3570906959183149,0.21227343025563084,G5,5,4.988138464799883,0.60672658
0.3581707233994677,0.04013666423588147,G5,5,5.003291050379965,0.72389284
0.3542834486098654,0.5508310811497745,G5,5,4.948753304859015,0.37628462
0.36064828819035066,0.599977777384694,G5,5,5.038050825644183,0.34283253
0.3574728870100912,0.5887115901795963,G5,5,4.993500535050081,0.35050095
0.3574676234504364,0.5878552569928074,G5,5,4.993426688282738,0.35108382
0.3576330944634142,0.3493917267932928,G5,5,4.995748215955804,0.51339592
0.35818795232592987,0.7306022690162912,G5,5,5.003532769028079,0.25392192999999996
0.3578122745123701,0.39952101640007265,G5,5,4.998262078865245,0.47927502
0.35790112947578867,0.6005495476758989,G5,5,4.999508697549409,0.34244335
0.3579150593130814,0.5684435395422394,G5,5,4.999704130587343,0.36429656
0.3582546803456426,0.44870968672723666,G5,5,5.0044689507891285,0.44579436
0.35790186357930437,0.7337418782261798,G5,5,4.999518996885806,0.25178493
0.35575298443696207,0.5878611630428886,G5,5,4.969370620410386,0.35107980000000005
0.3579918882269501,0.42297469352126515,G5,5,5.000782026023095,0.46331108797619047
0.3571943582407561,0.42297469352126515,G5,5,4.989592827989368,0.46331108797619047
0.35760934547524165,0.42297469352126515,G5,5,4.995415022049163,0.46331108797619047
0.35784623170717883,0.42297469352126515,G5,5,4.998738492020816,0.46331108797619047
0.3587578186034182,0.42297469352126515,G5,5,5.011527887383427,0.46331108797619047
0.3580123534142068,0.34101118864458735,G5,5,5.001069148810923,0.5191002
0.3578793241530545,0.13763144707805963,G5,5,4.9992027729089745,0.65753224
0.35794977994037536,0.4626711336777726,G5,5,5.000191254559323,0.43629139
0.3579619952692331,0.36358904845540907,G5,5,5.0003626333613775,0.5037324000000001
0.3580718895459623,0.30321611165760853,G5,5,5.001904429715599,0.54482572
0.35755692266052247,0.29437139029417947,G5,5,4.994679539665388,0.55084595
0.35757211572343056,0.42831364228811775,G5,5,4.994892695524804,0.45967709
0.3583590093642172,0.46036803859606656,G5,5,5.005932667601917,0.43785901000000005
0.35810272629233264,0.3943510237261213,G5,5,5.002337063557368,0.4827940166666667
0.35758056378469333,0.3943510237261213,G5,5,4.995011220260057,0.4827940166666667
0.3579728803575361,0.387122659962722,G5,5,5.000515349134759,0.48771406
0.35764492026820255,0.5491405698098353,G5,5,4.99591412980729,0.37743528
0.35797531990728837,0.2181354053363308,G5,5,5.000549575566071,0.60273658
0.35828352465989094,0.4193310102477903,G5,5,5.00487363117715,0.46579118999999997
0.35788048722236154,0.3934324113391695,G5,5,4.999219090555996,0.4834192775
0.3577933974383013,0.42297469352126515,G5,5,4.9979972370113845,0.4633110879761904
0.35848835172596,0.42297469352126515,G5,5,5.0077473169878255,0.4633110879761904
0.35839963784912027,0.42297469352126515,G5,5,5.0065026777222394,0.4633110879761904
0.3574088716254222,0.42297469352126515,G5,5,4.992602411056417,0.4633110879761904
0.358434176347979,0.42297469352126515,G5,5,5.006987246465996,0.4633110879761904
0.35787948062490105,0.2358190007797748,G5,5,4.999204968180009,0.5907001000000001
0.3576927642343447,0.0013339152016970113,G5,5,4.99658537179336,0.75030424
0.35802573448991565,0.1185764579907359,G5,5,5.001256882825445,0.67050217
0.358063676723035,0.1185764579907359,G5,5,5.001789205330635,0.67050217
0.35801474972333974,0.1185764579907359,G5,5,5.001102768584351,0.67050217
0.35805785393318346,0.43566464718931674,G5,5,5.0017075126671795,0.45467356999999997
0.3577992744442781,0.7443642765890816,G5,5,4.998079690317039,0.24455470999999998
0.357822607802027,0.3532826972301918,G5,5,4.998407053005796,0.5107475
0.35790344026428034,0.48107927805619144,G5,5,4.999541117484076,0.42376174
0.3579947785557641,0.5035977247661954,G5,5,5.000822576801175,0.40843438
0.35775897356059144,0.4229746935212654,G5,5,4.997514276381124,0.4633110879761903
0.35726082974806905,0.4229746935212654,G5,5,4.990525410928944,0.4633110879761903
0.35804581786153145,0.4229746935212654,G5,5,5.00153864881053,0.4633110879761903
0.3575665962554317,0.4229746935212654,G5,5,4.994815258410778,0.4633110879761903
0.35948377165890644,0.4229746935212654,G5,5,5.021712874332709,0.4633110879761903
0.35795609437923054,0.408496052848629,G5,5,5.000279844967264,0.47316609
0.3583105578338747,0.3451809040769904,G5,5,5.005252901602614,0.51626205
0.35686614814773243,0.5366495089545416,G5,5,4.984988101156418,0.38593742
0.3576083955417637,0.436751037187606,G5,5,4.9954016946583595,0.45393411
0.35806419618422614,0.478118980640438,G5,5,5.001796493274962,0.42577669
0.3579429468553735,0.20927115874763302,G5,5,5.000095387641977,0.6087701
0.35774636255267983,0.2538250783109919,G5,5,4.997337346275208,0.57844412
0.3582105275618422,0.367886463856237,G5,5,5.003849495407844,0.50080733
0.35842766735471093,0.16261358348031363,G5,5,5.006895926495665,0.6405279500000001
0.3582819882486839,0.24839907109879378,G5,5,5.0048520756124,0.5821373750000001
0.35788360156644594,0.4229746935212656,G5,5,4.999262784226841,0.46331108797619014
0.3580719263028283,0.4229746935212656,G5,5,5.001904945407623,0.46331108797619014
0.357925935446966,0.4229746935212656,G5,5,4.999856720731893,0.46331108797619014
0.35892698761069003,0.4229746935212656,G5,5,5.01390129723171,0.46331108797619014
0.3574129911680963,0.4229746935212656,G5,5,4.992660207477351,0.46331108797619014
0.3571722284498502,0.4229746935212656,G5,5,4.989282351120563,0.46331108797619014
0.4998096676292027,0.8245536421846885,G7,7,6.990459211714792,0.18997318
0.5002787736301191,0.6820827306566724,G7,7,6.99704068204685,0.28694714
0.5008678398134939,0.3310019469984602,G7,7,7.005305171526685,0.52591307
0.5002288482379992,0.6125461066132737,G7,7,6.996340238039714,0.3342777966666666
0.5007939212058377,0.6125461066132737,G7,7,7.004268107148215,0.3342777966666666
0.5005412265582531,0.41410063683718756,G7,7,7.000722848032153,0.4693512852956991
0.5003075831073126,0.41410063683718756,G7,7,6.997444873677443,0.4693512852956991
0.5006154404539552,0.41410063683718756,G7,7,7.001764055247231,0.4693512852956991
0.5004924022473749,0.41410063683718756,G7,7,7.000037851990959,0.4693512852956991
0.5004667444455266,0.41410063683718756,G7,7,6.999677877781889,0.4693512852956991
0.4996573491365298,0.41410063683718756,G7,7,6.98832221146625,0.4693512852956991
0.5012105476974774,0.41410063683718756,G7,7,7.010113299682356,0.4693512852956991
0.50081922064417,0.41410063683718756,G7,7,7.004623053583512,0.4693512852956991
0.49882442686251505,0.41410063683718756,G7,7,6.97663646618772,0.4693512852956991
0.5027005479365959,0.41410063683718756,G7,7,7.031017727145152,0.4693512852956991
0.5002173844589224,0.41410063683718756,G7,7,6.996179403341928,0.4693512852956991
0.5005389396203018,0.41410063683718756,G7,7,7.000690762716153,0.4693512852956991
0.5008626825624614,0.41410063683718756,G7,7,7.0052328162496265,0.4693512852956991
0.5003572230650998,0.41410063683718756,G7,7,6.998141313093743,0.4693512852956991
0.5004505892568104,0.41410063683718756,G7,7,6.999451223475534,0.4693512852956991
0.5004556916854903,0.6463557408481639,G7,7,6.999522809605136,0.311265
0.5006992107482603,0.30263705429963683,G7,7,7.0029393369652215,0.54521986
0.5007640421863948,0.32077171329929066,G7,7,7.003848910037903,0.5328763599999999
0.49977293748522067,0.5949744714658152,G7,7,6.989943894595766,0.34623807
0.5001094978585036,0.44586486581307294,G7,7,6.994665774314594,0.44773071000000003
0.499639893716779,0.7510295185558398,G7,7,6.988077315159234,0.24001795999999997
0.5006790940091834,0.79247094972635,G7,7,7.002657102840837,0.21181052
0.5003097968238007,0.552487184605907,G7,7,6.997475931709874,0.37515738
0.5004806934934171,0.3431055298317528,G7,7,6.999873580340952,0.51767467
0.5004147212454291,0.5188174982923874,G7,7,6.998948001917261,0.39807492000000005
0.5003890406785103,0.4141006368371879,G7,7,6.9985877083184675,0.46935128529569886
0.5004601744493471,0.4141006368371879,G7,7,6.9995857019520065,0.46935128529569886
0.5003432401991529,0.1429056232590007,G7,7,6.997945136073609,0.65394233
0.5004710449135283,0.217086053030218,G7,7,6.9997382125516685,0.60345083
0.5009908423610814,0.1799958381446095,G7,7,7.007030874493889,0.62869658
0.4995163498226194,0.1799958381446095,G7,7,6.98634401719986,0.62869658
0.5006402661005137,0.1799958381446095,G7,7,7.002112354471669,0.62869658
0.5007212151948651,0.43793392205389026,G7,7,7.00324805527669,0.45312897
0.4989968966081407,0.2509878236052657,G7,7,6.979056184783934,0.58037532
0.5003017316028773,0.45631873606532125,G7,7,6.997362778153694,0.44061520000000004
0.5001229874122043,0.2462346873898309,G7,7,6.994855030255257,0.58361058
0.5003673789906977,0.27999155405455034,G7,7,6.9982837988493865,0.5606337
0.4948580594507676,0.3135312044246129,G7,7,6.920989065823054,0.53780467
0.5003362744056941,0.6709177249613008,G7,7,6.997847407281186,0.29454669
0.5006374900649672,0.3875512746519558,G7,7,7.002073407206969,0.48742232
0.5015075684767918,0.08169151507461969,G7,7,7.014280446219052,0.6956082000000001
0.5012794080878751,0.23453261312039897,G7,7,7.0110793982092785,0.59157569
0.5010087388122396,0.4141006368371878,G7,7,7.007281958389889,0.4693512852956989
0.5005633903175905,0.4141006368371878,G7,7,7.001033801471762,0.4693512852956989
0.49755619740918333,0.4141006368371878,G7,7,6.958843441785898,0.4693512852956989
0.4993399091665398,0.7555893565102801,G7,7,6.98386858746524,0.23691427
0.5007712247351332,0.7650691104824514,G7,7,7.003949679866765,0.2304618
0.5023718863301115,0.44470849940548707,G7,7,7.026406665661951,0.44851779999999997
0.5007819031388596,0.45487373717042845,G7,7,7.004099495893808,0.44159875
0.4895204777161595,0.3778499262684005,G7,7,6.846103782406003,0.49402562000000005
0.5004811966654168,0.4141006368371879,G7,7,6.999880639750939,0.46935128529569886
0.5005386984686323,0.4506879784378046,G7,7,7.000687379402881,0.44444781999999994
0.5002834001470147,0.26824894547622724,G7,7,6.997105591222238,0.5686264
0.5000699741933075,0.4990252813615813,G7,7,6.99411126461019,0.41154665
0.5005650117113564,0.24587722444324311,G7,7,7.001056549326076,0.58385389
0.5005887863106585,0.30407360548608,G7,7,7.001390102552123,0.54424206
0.5002502826397724,0.2749754149646615,G7,7,6.996640958727748,0.564047975
0.5006541218390634,0.4711394398443529,G7,7,7.002306747917961,0.43052737
0.5004613716779096,0.43114767951879973,G7,7,6.999602498847057,0.45774808
0.5002899628186247,0.4141006368371879,G7,7,6.997197664289767,0.46935128529569886
0.5005201630886219,0.4141006368371879,G7,7,7.00042733145339,0.46935128529569886
0.5005747989463621,0.4141006368371879,G7,7,7.00119386242098,0.46935128529569886
0.49835037699022416,0.4141006368371879,G7,7,6.969985634255695,0.46935128529569886
0.5001709720012506,0.4141006368371879,G7,7,6.9955282451546354,0.46935128529569886
0.49669623802220364,0.4141006368371879,G7,7,6.946778370818726,0.46935128529569886
0.500171540231009,0.29585342688124894,G7,7,6.99553621731293,0.54983719
0.5003938735686508,0.01370310868031277,G7,7,6.9986555128722685,0.74188505
0.5004256919469385,0.3757541306062151,G7,7,6.999101918828077,0.49545214000000004
0.5006012890936201,0.4141006368371879,G7,7,7.001565514282029,0.46935128529569886
0.5004355293427183,0.4141006368371879,G7,7,6.999239935669351,0.46935128529569886
0.5004846381356599,0.33161395776521874,G7,7,6.99992892294122,0.5254965
0.5002491648456086,0.6242688912357683,G7,7,6.996625276282601,0.32629859000000005
0.5007807071859067,0.4141006368371878,G7,7,7.004082716895324,0.4693512852956989
0.5011531779620245,0.3365563226499253,G7,7,7.0093084129166705,0.52213244
0.500974394584386,0.594355467465627,G7,7,7.0068001152323625,0.3466594
0.5002099109399016,0.2324948348506788,G7,7,6.996074551253881,0.59296272
0.49758699569143505,0.2539647372962479,G7,7,6.959275535983205,0.57834906
0.5012503201980648,0.18759570519090096,G7,7,7.010671300501225,0.62352367
0.5004349187994002,0.23349170852273593,G7,7,6.999231369859649,0.59228419
0.500471484515549,0.4780137295389889,G7,7,6.999744380086621,0.42584833000000005
0.5006073698741718,0.2155818614095103,G7,7,7.0016508265072375,0.60447467
0.5004074011276735,0.4141006368371877,G7,7,6.998845302020561,0.469351285295699
0.5004170605057078,0.4141006368371877,G7,7,6.998980821305828,0.469351285295699
0.5002106818889047,0.4141006368371877,G7,7,6.996085367525644,0.469351285295699
0.5005218448620716,0.4141006368371877,G7,7,7.00045092642349,0.469351285295699
0.5013036815520712,0.4141006368371877,G7,7,7.011419950417416,0.469351285295699
0.5005056011273787,0.4141006368371877,G7,7,7.000223029833477,0.469351285295699
0.5007943203206003,0.4141006368371877,G7,7,7.004273706654435,0.469351285295699
0.5003358181128799,0.4141006368371877,G7,7,6.99784100557749,0.469351285295699
0.500390313812712,0.4141006368371877,G7,7,6.998605570155581,0.469351285295699
0.5001149781822292,0.6816821182844905,G7,7,6.994742662241714,0.28721982
0.5001514626535501,0.8621635747857852,G7,7,6.995254532618795,0.16437368
0.5004125755225028,0.4981479537828367,G7,7,6.998917897821913,0.41214381000000005
0.500832320181824,0.3040989779947626,G7,7,7.004806837671256,0.54422479
0.5005593546590227,0.2727393799963789,G7,7,7.000977181929308,0.56556995
0.5004657513461137,0.5479780916688317,G7,7,6.999663944781011,0.37822653
0.5002193071276184,0.41410063683718734,G7,7,6.996206378027726,0.4693512852956992
0.5005359592935081,0.41410063683718734,G7,7,7.0006489492830815,0.4693512852956992
0.5005173173810703,0.41410063683718734,G7,7,7.000387406703361,0.4693512852956992
0.5006271752150266,0.41410063683718734,G7,7,7.0019286917722265,0.4693512852956992
0.5005378879547426,0.41410063683718734,G7,7,7.0006760080430865,0.4693512852956992
0.500473086632736,0.41410063683718734,G7,7,6.9997668574941025,0.4693512852956992
0.5005328512846994,0.41410063683718734,G7,7,7.00060534449498,0.4693512852956992
0.5002663949098074,0.41410063683718734,G7,7,6.996867010892951,0.4693512852956992
0.5005911745861579,0.41410063683718734,G7,7,7.00142360961516,0.4693512852956992
0.9995538096585055,0.8947635020679109,G14,14,14.001776990555864,0.14218428
0.9994992895257467,0.7080410401723649,G14,14,14.001012083188337,0.26927841
0.9996105690308401,0.8860266616143004,G14,14,14.002573314040017,0.14813108
0.999392059897291,0.8296104012848587,G14,14,13.999507671356,0.18653125666666667
0.9994757750949607,0.8296104012848587,G14,14,14.000682180078398,0.18653125666666667
0.9993247064116217,0.5557209674004253,G14,14,13.998562714423395,0.37295628000000003
0.9997055063312406,0.46590511299849224,G14,14,14.003905266785814,0.4340901562328768
0.9995173601222946,0.46590511299849224,G14,14,14.00126561031191,0.4340901562328768
0.9993598541856547,0.46590511299849224,G14,14,13.999055831185029,0.4340901562328768
0.9994865815562033,0.46590511299849224,G14,14,14.000833792728681,0.4340901562328768
0.999317159293126,0.5635102100326572,G14,14,13.998456829748342,0.36765447
0.999413371828164,0.6184445268222529,G14,14,13.99980667379998,0.33026299000000003
0.9995395497638185,0.4227476014531587,G14,14,14.001576926873803,0.46346566
0.9994469778599081,0.534900779436023,G14,14,14.000278160202775,0.3871277066666667
0.9994769344465518,0.534900779436023,G14,14,14.000698445566554,0.3871277066666667
0.9995640421352091,0.3773006195358386,G14,14,14.001920550309345,0.49439951
0.9992026895837054,0.46590511299849224,G14,14,13.996850840920658,0.4340901562328768
0.9995531865867396,0.46590511299849224,G14,14,14.001768248974358,0.4340901562328768
0.9995205753784743,0.46590511299849224,G14,14,14.001310719760765,0.4340901562328768
0.9993757400555121,0.46590511299849224,G14,14,13.999278706997664,0.4340901562328768
0.9992708492993901,0.5047280575400896,G14,14,13.997807109111097,0.40766501
0.9995054173135393,0.5144576873823674,G14,14,14.001098054916431,0.40104246000000005
0.9994473502263564,0.5095928724612284,G14,14,14.000283384435098,0.40435373500000005
0.9995264004137646,0.5095928724612284,G14,14,14.001392443927312,0.40435373500000005
0.9994310729558624,0.5095928724612284,G14,14,14.000055017344005,0.40435373500000005
0.9999549434355358,0.46590511299849213,G14,14,14.007404823172703,0.4340901562328769
0.9997692343564508,0.46590511299849213,G14,14,14.004799359179481,0.4340901562328769
0.9998502033155003,0.46590511299849213,G14,14,14.005935338682537,0.4340901562328769
0.9996325654171944,0.46590511299849213,G14,14,14.002881919267663,0.4340901562328769
0.9942847294879431,0.46590511299849213,G14,14,13.92785277139846,0.4340901562328769
0.9993939525215376,0.11453285582673567,G14,14,13.999534224523737,0.67325448
0.9994685372421128,0.3344494494709207,G14,14,14.000580634343121,0.5235665
0.9994733613552055,0.22449115264882813,G14,14,14.000648315756566,0.59841049
0.999615482990507,0.22449115264882813,G14,14,14.002642255984261,0.59841049
0.9993079973471282,0.22449115264882813,G14,14,13.99832828934244,0.59841049
0.9995165067837554,0.46590511299849235,G14,14,14.00125363813021,0.4340901562328767
0.9996668792074112,0.46590511299849235,G14,14,14.00336333539078,0.4340901562328767
0.9993035712289421,0.46590511299849235,G14,14,13.99826619172384,0.4340901562328767
0.9993670426546076,0.46590511299849235,G14,14,13.999156684073405,0.4340901562328767
0.9997000237676468,0.46590511299849235,G14,14,14.003828347433759,0.4340901562328767
0.9991971941482801,0.12181447198531259,G14,14,13.99677374097919,0.66829819
0.9995270880942797,0.21925269191004548,G14,14,14.001402091957605,0.60197609
0.9992856900247037,0.0526513345998334,G14,14,13.998015321739302,0.71537463
0.9994656400958397,0.13123949949839697,G14,14,14.000539987917351,0.6618829700000001
0.999581107584194,0.13123949949839697,G14,14,14.002159975398724,0.6618829700000001
0.9994180768418847,0.46590511299849247,G14,14,13.999872684271288,0.43409015623287667
0.9996081486171602,0.46590511299849247,G14,14,14.002539356084256,0.43409015623287667
0.9989044265245893,0.46590511299849247,G14,14,13.992666265428367,0.43409015623287667
0.9998877376580475,0.46590511299849247,G14,14,14.006461938558525,0.43409015623287667
0.999568863579575,0.46590511299849247,G14,14,14.001988194281049,0.43409015623287667
0.9995649685914669,0.22896248800205032,G14,14,14.001933548319098,0.59536704
0.999449927841461,0.7458746093265405,G14,14,14.000319547897737,0.24352669
0.9996756453862868,0.48741854866429546,G14,14,14.003486323257238,0.41944686499999995
0.999183658955001,0.48741854866429546,G14,14,13.996583844723693,0.41944686499999995
0.9994384247715533,0.48741854866429546,G14,14,14.000158161956868,0.41944686499999995
0.9996872079743849,0.6340078502865081,G14,14,14.003648544227298,0.31966969
1.0,0.6761764455086958,G14,14,14.008036958429352,0.2909673
0.9998234339483645,0.5927530179769,G14,14,14.005559769418301,0.34775011999999994
0.9989727736716448,0.6343124379240346,G14,14,13.993625163246232,0.31946236999999994
0.9987230263761858,0.6343124379240346,G14,14,13.990121254934754,0.31946236999999994
0.9992623570344461,0.46590511299849235,G14,14,13.997687964206381,0.4340901562328767
0.9993854661279782,0.46590511299849235,G14,14,13.99941516199346,0.4340901562328767
0.9994542234102682,0.46590511299849235,G14,14,14.000379813932724,0.4340901562328767
0.9992311351337241,0.46590511299849235,G14,14,13.997249926720373,0.4340901562328767
0.9992895668294038,0.46590511299849235,G14,14,13.998069712591407,0.4340901562328767
0.9988360629772408,0.46590511299849235,G14,14,13.991707137517427,0.4340901562328767
0.9999638137518976,0.46590511299849235,G14,14,14.007529272068808,0.4340901562328767
0.9996528054598746,0.46590511299849235,G14,14,14.00316588331877,0.4340901562328767
0.9992736579972785,0.46590511299849235,G14,14,13.997846514622406,0.4340901562328767
0.9993392498843617,0.46590511299849235,G14,14,13.998766756653032,0.4340901562328767
0.9994349509237631,0.3609655134276252,G14,14,14.000109424515598,0.50551813
0.9991798737216899,0.3684873824145096,G14,14,13.996530738601221,0.50039831
0.9994534304389359,0.3642264170391837,G14,14,14.00036868869176,0.50329857
0.9996926397422272,0.3201970340580459,G14,14,14.003724750924366,0.53326752
0.9994403699064515,0.4584011182356553,G14,14,14.000185451839323,0.43919781
0.9990032355398792,0.7946961936653176,G14,14,13.994052537617168,0.21029589
0.9992840007802122,0.53216052890941,G14,14,13.99799162195187,0.38899288
0.9997303545835589,0.39894282585044627,G14,14,14.004253883164878,0.47966856999999996
0.9995759682574847,0.5182186218758097,G14,14,14.002087871596602,0.39848255
0.9993687905582549,0.796092812901211,G14,14,13.99918120683793,0.20934527
0.9993868057538621,0.4776075784083976,G14,14,13.999433956696562,0.42612478000000004
0.9992402037630568,0.4874692863358273,G14,14,13.997377157910742,0.41941232999999994
0.9995674192267049,0.48253843237211247,G14,14,14.00196793027772,0.422768555
0.9992202898763246,0.48253843237211247,G14,14,13.997097769767192,0.422768555
0.9994129128981937,0.48253843237211247,G14,14,13.999800235097473,0.422768555
0.9996047866597951,0.1874093854716693,G14,14,14.002492188444933,0.62365049
0.9994331719827837,0.081029655482175,G14,14,14.00008446630305,0.6960586999999999
0.9995963931916573,0.1826250588474716,G14,14,14.002374429641113,0.62690698
0.9993366777436633,0.15035469993377204,G14,14,13.998730669995297,0.6488720566666666
0.9994772726092161,0.15035469993377204,G14,14,14.000703189926119,0.6488720566666666
0.9994046570734664,0.5340003222764044,G14,14,13.999684407405217,0.38774061000000004
0.9993744308658248,0.5770130125268791,G14,14,13.999260339308764,0.35846368
0.9996081631863198,0.6114888893681637,G14,14,14.002539560486868,0.3349974
0.999416286857978,0.3985255972030358,G14,14,13.999847571128516,0.47995256
0.999565794893167,0.5549573533232464,G14,14,14.00194514117895,0.37347603999999995
0.999391760130688,0.198000593425808,G14,14,13.999503465686065,0.6164415000000001
0.9991897863457856,0.46590511299849235,G14,14,13.996669810881837,0.4340901562328767
0.9995010911153376,0.46590511299849235,G14,14,14.00103735915671,0.4340901562328767
0.9997974750220431,0.46590511299849235,G14,14,14.00519557048863,0.4340901562328767
0.9994156972248028,0.46590511299849235,G14,14,13.999839298684247,0.4340901562328767
0.9993419105936536,0.5370098808511694,G14,14,13.998804085911734,0.38569212999999997
0.9993143700472988,0.5464155741306544,G14,14,13.99841769714585,0.37929007
0.9997433892851885,0.4977651330192334,G14,14,14.004436757615204,0.41240437999999996
0.9993724944146085,0.3442569304559371,G14,14,13.999233171256757,0.51689096
0.9994619726978418,0.3664735221784522,G14,14,14.000488535002505,0.50176906
0.9994633681173994,0.40296092328076205,G14,14,14.000508112480519,0.47693362
0.9990839465477986,0.8977838443261575,G14,14,13.995184898113633,0.14012846
0.999477787473141,0.7969692589799435,G14,14,14.000710413371651,0.20874870999999998
0.9999270113838725,0.6591421629741905,G14,14,14.007012941659832,0.30256182
0.9994840236595857,0.32060609413867713,G14,14,14.000797905912762,0.53298909
